<APPLICATIONS>
    <APPLICATION>
        <NAME>Buttons</NAME>
        <PATH>xlets/Buttons</PATH>
        <XLET>ButtonsXlet</XLET>
    </APPLICATION>
    <APPLICATION>
        <NAME>Events</NAME>
        <PATH>xlets/Events</PATH>
        <XLET>EventsXlet</XLET>
    </APPLICATION>
    <APPLICATION>
        <NAME>Image</NAME>
        <PATH>xlets/Image</PATH>
        <XLET>ImageXlet</XLET>
    </APPLICATION>
    <APPLICATION>
        <NAME>Keyboard</NAME>
        <PATH>xlets/Keyboard</PATH>
        <XLET>KeyboardXlet</XLET>
    </APPLICATION>
    <APPLICATION>
        <NAME>Label</NAME>
        <PATH>xlets/Label</PATH>
        <XLET>LabelXlet</XLET>
    </APPLICATION>
    <APPLICATION>
        <NAME>List</NAME>
        <PATH>xlets/List</PATH>
        <XLET>ListXlet</XLET>
    </APPLICATION>
    <APPLICATION>
        <NAME>TabbedList</NAME>
        <PATH>xlets/TabbedList</PATH>
        <XLET>TabbedListXlet</XLET>
    </APPLICATION>
    <APPLICATION>
        <NAME>TabbedRadio</NAME>
        <PATH>xlets/TabbedRadio</PATH>
        <XLET>TabbedRadioXlet</XLET>
    </APPLICATION>
</APPLICATIONS>
